IlmnID,Name,AddressA_ID,AlleleA_ProbeSeq,AddressB_ID,AlleleB_ProbeSeq,Infinium_Design_Type,Next_Base,Color_Channel,Forward_Sequence,Genome_Build,CHR,MAPINFO,SourceSeq,Strand,UCSC_RefGene_Name,UCSC_RefGene_Accession,UCSC_RefGene_Group,UCSC_CpG_Islands_Name,Relation_to_UCSC_CpG_Island,Phantom4_Enhancers,Phantom5_Enhancers,DMR,450k_Enhancer,HMM_Island,Regulatory_Feature_Name,Regulatory_Feature_Group,GencodeBasicV12_NAME,GencodeBasicV12_Accession,GencodeBasicV12_Group,GencodeCompV12_NAME,GencodeCompV12_Accession,GencodeCompV12_Group,DNase_Hypersensitivity_NAME,DNase_Hypersensitivity_Evidence_Count,OpenChromatin_NAME,OpenChromatin_Evidence_Count,TFBS_NAME,TFBS_Evidence_Count,Methyl27_Loci,Methyl450_Loci,Chromosome_36,Coordinate_36,SNP_ID,SNP_DISTANCE,SNP_MinorAlleleFrequency,Random_Loci,MFG_Change_Flagged,CHR_hg38,Start_hg38,End_hg38,Strand_hg38
cg21353154,cg21353154,0010605278,TCCRCATACTATATAACTCCTATATTCRATATCTACTCTAAATAACTAAC,,,II,,,CTAATGGCTCTACATAAGAGAGTTTTATCACTTCCCTGGTTCCAAACGCCAGAAAGACCA[CG]CCAGCTATCCAGAGCAGACACCGAATACAGGAGCCATACAGCATGCGGAAGCCTCCACCA,37.0,13,99381820.0,CGCCAGCTATCCAGAGCAGACACCGAATACAGGAGCCATACAGCATGCGG,F,SLC15A1,NM_005073,Body,,,,,,,,,,,,,,,,chr13:99381785-99382155,3.0,,,,,,,13,98179821,rs183758600,0,0.000200,,False,chr13,98729565.0,98729567.0,-
cg01902715,cg01902715,0028770915,AATATCAAAACCCTACTAAATACCACCTACTAAACTAAACCAAAATATAC,,,II,,,CTAAAACTGACCTTGAACAGCGACTGTGAAGACATGAGATCAAGTGTAGAAACCATCTGA[CG]CATACTTTGGTCTAGCTCAGTAGGTGGCATCTAGTAGGGTTTTGACATTCGTGGATTTTA,37.0,13,99484690.0,CGCATACTTTGGTCTAGCTCAGTAGGTGGCATCTAGTAGGGTTTTGACAT,F,DOCK9-AS1;DOCK9;DOCK9,NR_046663;NM_001130048;NM_015296,Body;Body;Body,,,,,,,,,,DOCK9-AS1;DOCK9,ENST00000439367.1;ENST00000448493.2,5'UTR;3'UTR,DOCK9;DOCK9-AS1;DOCK9,ENST00000400228.2;ENST00000439367.1;ENST00000448493.2,TSS1500;5'UTR;3'UTR,,,,,,,,,13,98282691,rs116532859;rs529477860;rs577943770,0;7;51,0.000599;0.000399;0.000200,,False,chr13,98832435.0,98832437.0,-
cg13960680,cg13960680,0093683411,TAAACCACTAAACCAAAACTTAACTACAACTAACCTAAATCTCAACAAAC,,,II,,,GACCTTGCACGTGGGCCACTGGGCCAAGGCTTGACTGCAGCTGACCTGAGTCTCAGCAGA[CG]CCTGGTGGTCCTCCCAGAACACAAGAGAATGGGAAGGCCGTGAGGGGCTCCACCTCCCTC,37.0,13,99394346.0,GGGCCACTGGGCCAAGGCTTGACTGCAGCTGACCTGAGTCTCAGCAGACG,R,SLC15A1,NM_005073,Body,,,,,,,,,,,,,,,,chr13:99394005-99394755,3.0,,,,,,,13,98192347,,,,,False,chr13,98742091.0,98742093.0,+
cg16160244,cg16160244,0028649548,AAAAAAATCTAAAATAAATCCCACCCAACTACTAACAAACACAACTAATC,,,II,,,CCACGCACGCACGCACGCACGCACACTCTCTCGCTCCTGCTGTAGGTCCTTAGCAACTAA[CG]ACTAGTTGTGCCTGTTAGTAGCTGGGTGGGACTTATTCCAGATCCTTTCCAGGTTTGTAA,37.0,13,99328650.0,CGACTAGTTGTGCCTGTTAGTAGCTGGGTGGGACTTATTCCAGATCCTTT,F,,,,,,,,,,,,,,,,,,,chr13:99328225-99328850,3.0,,,,,,,13,98126651,rs184257956,26,0.000399,,False,chr13,98676395.0,98676397.0,-
cg02528196,cg02528196,0079665958,AACTCRATACAAACCAACCTAAAAATACAAAACRTCATTACTATAATACC,,,II,,,TGTGTTTTGCAAGCTCGGTGCAAACCAGCCTGAAGGTGCAAAGCGTCATTGCTGTAGTGC[CG]TGCGTTCTTGAGGACACGGCAACAGCACGTTATGCTTCGCCTACTTAGACTTTGGGTAAT,37.0,13,99383653.0,CGGCACTACAGCAATGACGCTTTGCACCTTCAGGCTGGTTTGCACCGAGC,R,SLC15A1,NM_005073,Body,,,,,,,13:98181493-98181673,,,,,,,,,chr13:99383440-99383915,3.0,,,,,,True,13,98181654,,,,,False,chr13,98731398.0,98731400.0,+
cg02867869,cg02867869,0009612309,AACTCCTATATTCRATATCTACTCTAAATAACTAACRTAATCTTTCTAAC,,,II,,,TGATGTCCTGCTGCCTAATGGCTCTACATAAGAGAGTTTTATCACTTCCCTGGTTCCAAA[CG]CCAGAAAGACCACGCCAGCTATCCAGAGCAGACACCGAATACAGGAGCCATACAGCATGC,37.0,13,99381806.0,CGCCAGAAAGACCACGCCAGCTATCCAGAGCAGACACCGAATACAGGAGC,F,SLC15A1,NM_005073,Body,,,,,,,,,,,,,,,,chr13:99381785-99382155,3.0,,,,,,,13,98179807,rs570129470;rs183758600,11;14,0.000200;0.000200,,False,chr13,98729551.0,98729553.0,-
cg12868449,cg12868449,0043655156,TAAAATTACAACACTTAAAAATCTCRTAACACAAAACCRCACACATATCC,,,II,,,GGAGCTCAGCTTGGAGTTACAGCACTTGAGAATCTCGTAACACAGAGCCGCACACATGTC[CG]CTCTCCCTTCATAGAATGTTGAGGGAAACTAGACAGGATGAGAGGAAGCAGCAGATAAAC,37.0,13,99483755.0,GGAGTTACAGCACTTGAGAATCTCGTAACACAGAGCCGCACACATGTCCG,R,DOCK9-AS1;DOCK9;DOCK9,NR_046663;NM_001130048;NM_015296,TSS1500;Body;Body,,,,,,,,,,DOCK9;DOCK9-AS1,ENST00000448493.2;ENST00000439367.1,3'UTR;TSS1500,DOCK9;DOCK9-AS1,ENST00000448493.2;ENST00000439367.1,3'UTR;TSS1500,,,,,,,,,13,98281756,rs112656944;rs567787053,14;2,0.001198;0.000200,,False,chr13,98831500.0,98831502.0,+
cg02319149,cg02319149,0063654132,TTATCAATTAATACCAACTAATCCTTATCACAACCATTTCAAACCTATAC,,,II,,,CAAAGGTAAAGTTATCAGTTAATACCAGCTGGTCCTTATCACAGCCATTTCAAACCTGTA[CG]TTCACTTTTGGCCTTGGCTCCTGCCTCCTTTAGAATAGTTTTCGTAAGAGTATTAGAAAT,37.0,13,99336246.0,CGTACAGGTTTGAAATGGCTGTGATAAGGACCAGCTGGTATTAACTGATA,R,SLC15A1,NM_005073,3'UTR,,,,,,,,,,,,,,,,,,,,,,,True,13,98134247,,,,,False,chr13,98683991.0,98683993.0,+
cg03648690,cg03648690,0072731533,CAAAAAAAACACCAATATCCAACAAATAAAAAAAACTAATCAAACAAACA,0045643866,CAAAAAAAACGCCAATATCCGACGAATAAAAAAAACTAATCGAACAAACG,I,T,Red,TTTCACACCAGGCAGGGAAAGCGCCAGTGTCCGGCGAATAGGAAGGGCTGGTCGGGCAAG[CG]TGTGTTTTGCAAGCTCGGTGCAAACCAGCCTGAAGGTGCAAAGCGTCATTGCTGTAGTGC,37.0,13,99383591.0,CGCTTGCCCGACCAGCCCTTCCTATTCGCCGGACACTGGCGCTTTCCCTG,R,SLC15A1,NM_005073,Body,,,,,,,13:98181493-98181673,,,,,,,,,chr13:99383440-99383915,3.0,,,,,,True,13,98181592,rs535830221;rs554550250;rs569821793,33;14;1,0.000200;0.000998;0.000200,,False,chr13,98731336.0,98731338.0,+
cg03859162,cg03859162,0007610133,AAACCTAAACATCAAATCAAAAAAATAACACCTACCAAAAACACATCCCA,0038772538,GAACCTAAACGTCAAATCGAAAAAATAACACCTACCAAAAACACGTCCCG,I,C,Grn,GCCCCCCACCCGCCGAGCGTACCCATGGCGGCGGCTCCCAGGGCTCCTGCGACCTGCCGG[CG]GGACGTGCTCCTGGCAGGTGCTACTCCTCCGACCTGACGTCCAGGCCCGGCCCCGTTGCC,37.0,13,99404887.0,GGGCCTGGACGTCAGGTCGGAGGAGTAGCACCTGCCAGGAGCACGTCCCG,F,SLC15A1;SLC15A1,NM_005073;NM_005073,1stExon;5'UTR,chr13:99404482-99405103,Island,,,,True,13:98202516-98203104,13:99404699-99404986,Unclassified_Cell_type_specific,SLC15A1;SLC15A1,ENST00000376503.4;ENST00000376503.4,1stExon;5'UTR,SLC15A1;SLC15A1,ENST00000376503.4;ENST00000376503.4,1stExon;5'UTR,chr13:99404065-99405050,3.0,,,,,,True,13,98202888,rs538735521;rs8187815,34;38,0.000399;0.010284,,False,chr13,98752632.0,98752634.0,-
cg15738219,cg15738219,0091805104,CTACTTTACACAACAATAAACCTAATCRACAAACACATAAAACTTAAATC,,,II,,,GTTAAAAAATCAGTTTGCAGAAGAGCCATTTCTGTTACAGATGCTTGCCAATCACTAAGA[CG]ACCTAAGCCTCATGTGTCTGCCGACCAGGCTCATTGTTGTGCAAAGCAGATCACAAGCTG,37.0,13,99486650.0,CGACCTAAGCCTCATGTGTCTGCCGACCAGGCTCATTGTTGTGCAAAGCA,F,DOCK9-AS1;DOCK9;DOCK9,NR_046663;NM_001130048;NM_015296,Body;Body;Body,,,,,,True,,,,DOCK9-AS1;DOCK9,ENST00000439367.1;ENST00000448493.2,5'UTR;3'UTR,DOCK9-AS1;DOCK9,ENST00000439367.1;ENST00000448493.2,5'UTR;3'UTR,chr13:99486605-99486815,3.0,,,,,,,13,98284651,rs143488255;rs532206950,13;14,0.000200;0.000399,,False,chr13,98834395.0,98834397.0,-
cg03332292,cg03332292,0083703854,CCTATCTCTACAAAAACCRATATAACCTAAAAATACTAAACACCTTAACC,,,II,,,CAGGACTTGCCCCTATCTCTGCAGAGGCCGGTGTGGCCTGGAGGTGCTGAGCACCTTGGC[CG]ACCAGGCCCCAGGTCAGAGGAATCTCCCCGTGTACCGTGTGACTACGCCAACTTTGCCCA,37.0,13,99436933.0,CGGCCAAGGTGCTCAGCACCTCCAGGCCACACCGGCCTCTGCAGAGATAG,R,,,,,,,,,,,,,,,,,,,chr13:99436785-99437435,3.0,,,,,,,13,98234934,rs568370735;rs535756264,37;33,0.000399;0.000200,,False,chr13,98784678.0,98784680.0,+
cg18153630,cg18153630,0013805919,CAACCCCRACCTCCTAAATCAACTAACCRAAAAATAAAACCTAAAAATCC,,,II,,,CAGGTGCGGGTGGGCCCCGACGGGAGCGCGTGGCAGGCCGGGGGAGAGCCAGTCTAAACG[CG]GATTCCCAGGCCCCACCCCCCGGCCAGCTGACTCAGGAGGTCGGGGCTGGGGCCCCAGAA,37.0,13,99405124.0,AGCCCCGACCTCCTGAGTCAGCTGGCCGGGGGGTGGGGCCTGGGAATCCG,F,SLC15A1,NM_005073,TSS200,chr13:99404482-99405103,S_Shore,,,,,,,,SLC15A1,ENST00000376503.4,TSS1500,SLC15A1,ENST00000376503.4,TSS1500,chr13:99405065-99405295,3.0,,,,,,True,13,98203125,rs58457213;rs532796444,18;35,0.020567;0.000200,,False,chr13,98752869.0,98752871.0,-
cg20568691,cg20568691,0001751293,AACTACAATACCAACACATACCAATTTTTTCCTTCTAACATATAAATACC,,,II,,,AAAATTTCAATGCATTTTTTAAAGAAAAATTCTTGAACCTTTGAGTGAAGCATTCAGTCT[CG]GTACTTACATGCCAGAAGGAAAAAACTGGTATGTGCTGGCATTGTAGCTGCTGATGTTTG,37.0,13,99340714.0,CGGTACTTACATGCCAGAAGGAAAAAACTGGTATGTGCTGGCATTGTAGC,F,SLC15A1,NM_005073,Body,,,,,,True,,,,SLC15A1,ENST00000376503.4,ExonBnd,SLC15A1,ENST00000376503.4,ExonBnd,chr13:99340660-99340870,3.0,,,,,,True,13,98138715,rs143400114,13,0.000220,,False,chr13,98688459.0,98688461.0,-
cg00972803,cg00972803,0085651548,CTTAAATTTTCTATCTTATACCACACTTCTACCTATTTTTCAATAATCCC,,,II,,,TATCAATAACACCTGCCATCCAGAGCCCAGCACAAATGGCTGGAACAAATATTTATGAAA[CG]GGATTATTGAAAAATAGGCAGAAGTGTGGTACAAGACAGAAAACCCAAGGTCCTGGAGTC,37.0,13,99375757.0,CGGGATTATTGAAAAATAGGCAGAAGTGTGGTACAAGACAGAAAACCCAA,F,SLC15A1,NM_005073,Body,,,,,,,,,,,,,,,,,,chr13:99375300-99375885,3.0,,,,,13,98173758,,,,,False,chr13,98723502.0,98723504.0,-
cg20908674,cg20908674,0040666872,AAAACTAAAACTATACCTAAAACAACRAAACCRAACCTAAACRTCAAATC,,,II,,,CGGCTCCCAGGGCTCCTGCGACCTGCCGGCGGGACGTGCTCCTGGCAGGTGCTACTCCTC[CG]ACCTGACGTCCAGGCCCGGCCCCGTTGCCCCAGGTACAGCCCCAGCTCTGCGAGGCGGGG,37.0,13,99404918.0,GAGCTGGGGCTGTACCTGGGGCAACGGGGCCGGGCCTGGACGTCAGGTCG,F,SLC15A1;SLC15A1,NM_005073;NM_005073,1stExon;5'UTR,chr13:99404482-99405103,Island,,,,True,13:98202516-98203104,13:99404699-99404986,Unclassified_Cell_type_specific,SLC15A1,ENST00000376503.4,TSS200,SLC15A1,ENST00000376503.4,TSS200,chr13:99404065-99405050,3.0,,,,,,,13,98202919,rs538735521;rs8187815;rs572058042,3;7;26,0.000399;0.010284;0.000200,,False,chr13,98752663.0,98752665.0,-
cg18916584,cg18916584,0072720268,AATAAAATTTATCTACACTAAATTAACCTAACCCTATTCTACAAACTCAC,,,II,,,CTGGGGCCACAGATGAAATTTGTCTACACTGAATTAACCTAACCCTGTTCTACAAACTCA[CG]TTACCTGCATAGTTCAAATGAATAATGCTGACACATCGGCGAACCTCCTCCCTCCCCACC,37.0,13,99492834.0,CGTGAGTTTGTAGAACAGGGTTAGGTTAATTCAGTGTAGACAAATTTCAT,R,DOCK9;DOCK9,NM_001130048;NM_015296,Body;Body,,,,,,,,13:99491820-99493669,Unclassified,DOCK9,ENST00000448493.2,3'UTR,DOCK9,ENST00000448493.2,3'UTR,chr13:99492780-99493015,3.0,,,,,,,13,98290835,rs565693863;rs571372229,22;4,0.000599;0.000200,,False,chr13,98840579.0,98840581.0,+
cg00067054,cg00067054,0043729210,ATTCATTCTTATAACATAACCCCCTACCAATAATAAATATTATACAAAAC,,,II,,,CCAGGTTCTGAAAGCAGAAGAATCATGTGCCATCCATCACACCAACATCCCCACTTTCAA[CG]TCCTGTACAATACCTACCACTGGTAGGGGGTTATGTCACAAGAATGAATGAGAAGAGCAG,37.0,13,99379741.0,CGTCCTGTACAATACCTACCACTGGTAGGGGGTTATGTCACAAGAATGAA,F,SLC15A1,NM_005073,Body,,,,,,,,,,SLC15A1,ENST00000376494.1,TSS1500,SLC15A1,ENST00000376494.1,TSS1500,,,,,,,,,13,98177742,rs562759148,35,0.000200,,False,chr13,98727486.0,98727488.0,-
cg20246907,cg20246907,0021604190,TAACTACTAATCTTCTCTTAAATAAAATATCAACATTACCACATTCTACC,,,II,,,TTCAAGGTGGATAACTGCTGGTCTTCTCTTAAATGAAATATCAACATTGCCACATTCTAC[CG]ACCATACATTCATTCACTTGTTGATTCCTTTTAACAAAAATGTATTGATGGCCAACTCTG,37.0,13,99316927.0,CGGTAGAATGTGGCAATGTTGATATTTCATTTAAGAGAAGACCAGCAGTT,R,,,,,,,,,True,,,,,,,,,,chr13:99316885-99317510,3.0,,,,,,True,13,98114928,rs575349520;rs546102968,17;2,0.000200;0.000998,,False,chr13,98664672.0,98664674.0,+
cg10820980,cg10820980,0007797955,ACCTCCRTCCTAATAAAACTCAACTTAAAATTACAACACTTAAAAATCTC,,,II,,,GCAGCTGGGAGGCCTCCGTCCTGATGGAGCTCAGCTTGGAGTTACAGCACTTGAGAATCT[CG]TAACACAGAGCCGCACACATGTCCGCTCTCCCTTCATAGAATGTTGAGGGAAACTAGACA,37.0,13,99483730.0,CGAGATTCTCAAGTGCTGTAACTCCAAGCTGAGCTCCATCAGGACGGAGG,R,DOCK9-AS1;DOCK9;DOCK9,NR_046663;NM_001130048;NM_015296,TSS1500;Body;Body,,,,,,,,,,DOCK9;DOCK9-AS1,ENST00000448493.2;ENST00000439367.1,3'UTR;TSS1500,DOCK9;DOCK9-AS1,ENST00000448493.2;ENST00000439367.1,3'UTR;TSS1500,,,,,,,,,13,98281731,rs527921216,46,0.000200,,False,chr13,98831475.0,98831477.0,+
cg06325864,cg06325864,0042711903,CCAAATACCCCCRTAAATACTAACCTAATACCTAAAAAATTTCAAAATCC,,,II,,,AACGTGGGTGAACCCTGAGGGTTTTTCCTGCCCTGTGTGTTTCTGTGTTGAATGAAATAA[CG]GATTTTGAAATCTCTTAGGCACCAGGCCAGCATTCACGGGGGTACCTGGGGCTACTGTGT,37.0,13,99476861.0,CGGATTTTGAAATCTCTTAGGCACCAGGCCAGCATTCACGGGGGTACCTG,F,DOCK9;DOCK9,NM_001130048;NM_015296,Body;Body,,,,,,,,,,DOCK9,ENST00000448493.2,3'UTR,DOCK9;DOCK9,ENST00000481051.1;ENST00000448493.2,3'UTR;3'UTR,chr13:99476565-99476930,3.0,,,,,,,13,98274862,rs143446723;rs540085425;rs9584944;rs529369006,0;1;33;45,0.000599;0.000200;0.029153;0.000599,,False,chr13,98824606.0,98824608.0,-
cg01244946,cg01244946,0096762959,ACTAAAAACTTCCTAAACACTAAACTATATAACACACCATTACRATAACC,,,II,,,GGTTTTTTTAGACTAAGAACTTCCTAAACACTGGGCTGTGTGGCACACCATTACGGTGGC[CG]TCCGTGCCCCGAGTCCCAGACAGCTGGGCAGTGCCTGGTATTGAAAGCCTCCAGGCCAAT,37.0,13,99237707.0,CGGCCACCGTAATGGTGTGCCACACAGCCCAGTGTTTAGGAAGTTCTTAG,R,,,,,,,,,,,,,,,,,,,chr13:99237285-99237995,3.0,,,,,,,13,98035708,rs200426265;rs151244098,38;3,0.033347;0.000200,,False,chr13,98585452.0,98585454.0,+
cg18478319,cg18478319,0003682449,TAAACCCCAACAAAAACACATAACAAACCAAAAAAAAACCAATCTAAACA,0085701383,TAAACCCCGACGAAAACGCGTAACAAACCGAAAAAAAACCAATCTAAACG,I,C,Grn,CCCAGGTGCGGGTGGGCCCCGACGGGAGCGCGTGGCAGGCCGGGGGAGAGCCAGTCTAAA[CG]CGGATTCCCAGGCCCCACCCCCCGGCCAGCTGACTCAGGAGGTCGGGGCTGGGGCCCCAG,37.0,13,99405122.0,TGGGCCCCGACGGGAGCGCGTGGCAGGCCGGGGGAGAGCCAGTCTAAACG,R,SLC15A1,NM_005073,TSS200,chr13:99404482-99405103,S_Shore,,,,,,,,SLC15A1,ENST00000376503.4,TSS1500,SLC15A1,ENST00000376503.4,TSS1500,chr13:99405065-99405295,3.0,,,,,,True,13,98203123,rs576645510;rs60933979,21;17,0.000200;0.000599,,False,chr13,98752867.0,98752869.0,+
cg26035469,cg26035469,0042639534,CACATATCCCTACTTTACAATAACTAATAAATAAAACCRAAATCCTATCC,,,II,,,ACGAAAACAGGCTGAGCAGCATGGATGGCAAGGCCGTCTCTGCCCCAAGGCACCAGCTGG[CG]GACAGGATCTCGGTTCCATCTACCAGCCACTGCAAAGCAGGGACATGTGTGTCAACCGGG,37.0,13,99328829.0,ACATGTCCCTGCTTTGCAGTGGCTGGTAGATGGAACCGAGATCCTGTCCG,F,,,,,,,,,,,,,,,,,,,chr13:99328225-99328850,3.0,,,,,,,13,98126830,rs529283660,0,0.000200,,False,chr13,98676574.0,98676576.0,-
cg18644727,cg18644727,0082760314,TCCTATCCCCTAACAATTTAATTAATACATTTTCATTACAAAAAACRAAC,,,II,,,CAGCTGAACGTGTTAGCATGGAGGAGAAAAAAAGCAAGTGAGTTAAAGCTCACACACTGA[CG]TTCGTTTCCTGCAATGAAAATGTACTAACTAAACTGTCAGGGGATAGGATCACTCCACAA,37.0,13,99448525.0,CCTATCCCCTGACAGTTTAGTTAGTACATTTTCATTGCAGGAAACGAACG,F,DOCK9;DOCK9,NM_001130048;NM_015296,Body;Body,,,,,,,,,,,,,,,,chr13:99448485-99448755,3.0,,,,,,,13,98246526,rs138415194;rs568267246,0;42,0.000799;0.000399,,False,chr13,98796270.0,98796272.0,-
cg21060784,cg21060784,0066720124,TCTTCAAAAAATCCCTATAACATAAAACACAATTAAAACTATCCCTAAAC,,,II,,,TTCCATCTTCATCTTCAAAGAATCCCTGTGACATAAAGCACAATTAGAGCTATCCCTGAA[CG]TAAGCCCAGGGCTTACCACCTAGGAAGCGTTCTTTTATTACAAGGGGGAAAAAAAGGAAT,37.0,13,99460097.0,CGTTCAGGGATAGCTCTAATTGTGCTTTATGTCACAGGGATTCTTTGAAG,R,DOCK9;DOCK9,NM_015296;NM_001130048,Body;Body,,,,,,True,,,,,,,,,,chr13:99460045-99460495,3.0,,,,,,True,13,98258098,rs565638712;rs536255991,20;2,0.000399;0.000200,,False,chr13,98807842.0,98807844.0,+
cg13917287,cg13917287,0088668211,ACCTAAAATCTCAAATACAAAATAAAACTCATACACTAACATTTAACCAC,,,II,,,TTTAGAGTCGTGGTTCTCAAAGCGTGGGCCTGGGAGCAGCAGCATCACACCACGTGGGAA[CG]TGGTCAAATGTCAGTGCATGAGCTCTACCCTGCACCTGAGACTCTAGGCAAGAGGCCCAG,37.0,13,99401109.0,CGTGGTCAAATGTCAGTGCATGAGCTCTACCCTGCACCTGAGACTCTAGG,F,SLC15A1,NM_005073,Body,chr13:99404482-99405103,N_Shelf,,,,,,,,,,,,,,,,,,chr13:99401075-99401399,3.0,,True,13,98199110,rs558891707;rs186262360;rs79530334,5;37;46,0.001597;0.000799;0.019768,,False,chr13,98748854.0,98748856.0,-
cg07393754,cg07393754,0019802184,ACTTTCATTTCTTCCTAATACTCRAACTAATCTTCTTTAATCAAACRTTC,,,II,,,CCCTGTAGTTGGCTTTCATTTCTTCCTGATACTCGAGCTGGTCTTCTTTAATCAGACGTT[CG]TTTACCGCTAAGGCTTGACCGCAAGCTTCCACAAATTGCCTGGAATGGTACAGGCGGGAG,37.0,13,99449467.0,CGAACGTCTGATTAAAGAAGACCAGCTCGAGTATCAGGAAGAAATGAAAG,R,DOCK9;DOCK9,NM_001130048;NM_015296,Body;Body,,,,,,,,,,,,,,,,,,,,chr13:99448819-99449494,6.0,,,13,98247468,rs41279126,1,0.023363,,False,chr13,98797212.0,98797214.0,+
cg02135442,cg02135442,0042675120,TATACAATCTATAACCTCRACATCTTTAATTTCACACTATTTCTCACTTC,,,II,,,TGCACCAGAAATATACAGTCTGTGGCCTCGGCATCTTTGGTTTCACACTATTTCTCACTT[CG]TACATCTATTCCTCATTAGCCCAGATCTGGTGCTGCTGTTTTCTCCCATGTAACTCACGC,37.0,13,99478383.0,CGAAGTGAGAAATAGTGTGAAACCAAAGATGCCGAGGCCACAGACTGTAT,R,DOCK9;DOCK9,NM_001130048;NM_015296,Body;Body,,,,,,,,,,DOCK9,ENST00000448493.2,3'UTR,DOCK9;DOCK9,ENST00000481051.1;ENST00000448493.2,3'UTR;3'UTR,chr13:99478005-99478755,3.0,,,,,,,13,98276384,rs77251419;rs531769830;rs183436902,34;33;3,0.032348;0.000200;0.012180,,False,chr13,98826128.0,98826130.0,+
cg12153072,cg12153072,0043743863,ACATAAAATTTAACCAAACTATACTAAAAATCCACCAACATCTCTAAATC,,,II,,,CGGGCGTGCTGGCATAGGATTTGGCCAGGCTGTACTGGAGGTCCACCAGCATCTCTGGGT[CG]TTCTCATGCTCCTTCATCTGGGCGGTGGCCATTAGCACCGTGCGTATCCTTTTGGTTAAG,37.0,13,99481686.0,CGACCCAGAGATGCTGGTGGACCTCCAGTACAGCCTGGCCAAATCCTATG,R,DOCK9;DOCK9,NM_001130048;NM_015296,Body;Body,,,,,,,,,,DOCK9,ENST00000448493.2,3'UTR,DOCK9;DOCK9;DOCK9;DOCK9;DOCK9,ENST00000419908.1;ENST00000481051.1;ENST00000451563.1;ENST00000481051.1;ENST00000448493.2,1stExon;1stExon;TSS200;3'UTR;3'UTR,,,,,,,,,13,98279687,rs540651708,2,0.000200,,False,chr13,98829431.0,98829433.0,+
cg24179825,cg24179825,0037802154,TAAAACTCAACTTAAAATTACAACACTTAAAAATCTCRTAACACAAAACC,,,II,,,CTCCGTCCTGATGGAGCTCAGCTTGGAGTTACAGCACTTGAGAATCTCGTAACACAGAGC[CG]CACACATGTCCGCTCTCCCTTCATAGAATGTTGAGGGAAACTAGACAGGATGAGAGGAAG,37.0,13,99483743.0,CGGCTCTGTGTTACGAGATTCTCAAGTGCTGTAACTCCAAGCTGAGCTCC,R,DOCK9-AS1;DOCK9;DOCK9,NR_046663;NM_001130048;NM_015296,TSS1500;Body;Body,,,,,,,,,,DOCK9;DOCK9-AS1,ENST00000448493.2;ENST00000439367.1,3'UTR;TSS1500,DOCK9;DOCK9-AS1,ENST00000448493.2;ENST00000439367.1,3'UTR;TSS1500,,,,,,,,,13,98281744,rs112656944,2,0.001198,,False,chr13,98831488.0,98831490.0,+
cg05103218,cg05103218,0010721211,ATACTCTACTTATAATTTACTAAAAACCTCCAATACAACCTTTCTAAATC,,,II,,,AAAGATGACTGAAGTGTGTACTATAAAAGTTGAATTTTCAACTTTTTCATATAAAATCTA[CG]ATTTAGAAAGGTTGCACTGGAGGTTCTCAGCAAATCATAAGCAGAGCATGAGGGATTTTC,37.0,13,99421058.0,TGCTCTGCTTATGATTTGCTGAGAACCTCCAGTGCAACCTTTCTAAATCG,F,,,,,,,,,,,,,,,,,,,,,,,chr13:99420789-99421171,3.0,,,13,98219059,rs540299227;rs141684189;rs555524663,0;46;50,0.000200;0.159944;0.000200,,False,chr13,98768803.0,98768805.0,-
cg22850168,cg22850168,0073671988,TAAAACCTAACATCTATATTTTCTTTTAAAAAACTCCTCAAACAATTCTC,,,II,,,CTTATCTGAGGTGGGGCCTGGCATCTGTATTTTCTTTTAAGAAGCTCCTCAGGCAATTCT[CG]TATGCAGTCAAAATTGAGAAGCAGCAGCTCAGAGAATCAGGCCTAAACCATTTCCTCCTG,37.0,13,99379330.0,CGAGAATTGCCTGAGGAGCTTCTTAAAAGAAAATACAGATGCCAGGCCCC,R,SLC15A1,NM_005073,Body,,,,,,,,,,SLC15A1,ENST00000376494.1,TSS1500,SLC15A1,ENST00000376494.1,TSS1500,chr13:99379185-99379455,3.0,,,,,,,13,98177331,rs555934520;rs567632411,2;1,0.000200;0.000200,,False,chr13,98727075.0,98727077.0,+
cg20121278,cg20121278,0036603937,ACAAATAACAAAACAAATCCCCACACACRAACCATAAAATATAATCACAC,,,II,,,ATCCTGAGTTTGCAAATGACAAAGCAAGTCCCCACACACGGGCCATGAGATGTAATCACA[CG]ACCGAAGACGAGCTGGTCATCCCGTGAACCATTGTGCTTGTTGGAGTCCCACTGATGGCG,37.0,13,99446885.0,CAAATGACAAAGCAAGTCCCCACACACGGGCCATGAGATGTAATCACACG,R,DOCK9;DOCK9,NM_015296;NM_001130048,3'UTR;3'UTR,,,,,,,,,,DOCK9;DOCK9,ENST00000428223.1;ENST00000376460.1,3'UTR;3'UTR,DOCK9;DOCK9,ENST00000428223.1;ENST00000376460.1,3'UTR;3'UTR,chr13:99446860-99447090,3.0,,,,,,True,13,98244886,rs553582143;rs572111372;rs185723714,38;24;12,0.000200;0.000200;0.000200,,False,chr13,98794630.0,98794632.0,+
cg12355681,cg12355681,0092725147,AACACAACTTTAAAAAACTAACTAAACTTCCTCATCTTTAAAAAAACAAC,,,II,,,GGGGCATCCATGGCACAACTTTGGGAAGCTGACTGGGCTTCCTCATCTTTAAGAAAGCAG[CG]GGCTGGGCTGCTCCCAGCAGCTCTGGCTCTGCTTCCGTTCATTCTCTCTGGGTCTGCCTT,37.0,13,99404153.0,GCACAACTTTGGGAAGCTGACTGGGCTTCCTCATCTTTAAGAAAGCAGCG,R,SLC15A1,NM_005073,Body,chr13:99404482-99405103,N_Shore,,,DMR,True,,,,,,,,,,chr13:99404065-99405050,3.0,,,,,,True,13,98202154,rs144946305,25,0.000599,,False,chr13,98751898.0,98751900.0,+
cg02208456,cg02208456,0085650273,ATTCCTTTATAATAACACAAAAACRAACTATAAATAATACAAAACCCCAC,,,II,,,CAGTCTCAAGTATTCCTTTATAATAACACAAAAGCGGACTATGAATAATACAGGGCCCCA[CG]CTGGCCTCCAGAACATTCAGCCCTTAGAAATGCATGGCTTTTTGTTCCAGGCGCGCCAGA,37.0,13,99329834.0,TTCCTTTATAATAACACAAAAGCGGACTATGAATAATACAGGGCCCCACG,R,,,,,,,,,,,,,,,,,,,chr13:99329760-99330295,3.0,,,,,,,13,98127835,rs573805762,4,0.002396,,False,chr13,98677579.0,98677581.0,+
cg08054651,cg08054651,0038770202,AAAAAACTTAACAAAAACATCACRAATTAATAAAAAAATCCRTACTCCAC,,,II,,,GACAAGGCCCTGGAAAACTTGGCAAGAGCATCACGGGTTGATGGGGGAATCCGTGCTCCA[CG]CATAGCCGTGACGGCTGTGACCTGGCTGGACACTGTGATGGTGAGGGGCATGGAGCTTTG,37.0,13,99433927.0,GAAAACTTGGCAAGAGCATCACGGGTTGATGGGGGAATCCGTGCTCCACG,R,,,,,,,,,,,,,,,,,,,chr13:99433845-99434055,3.0,,,,,,,13,98231928,rs4772143;rs115408555;rs9557067,29;26;10,0.257188;0.004193;0.175519,,False,chr13,98781672.0,98781674.0,+
cg11995659,cg11995659,0001676546,CACCAAACAAAACAATAACCTCAATAACTTCCTATTTCRAAAACATAAAC,,,II,,,CCATTTGGCAAAGCACCTGTGGTCATTTGACCACACCCTGGGGCCATCCGGCTTCTCAGA[CG]CCCATGTTTTCGAAACAGGAAGCCACTGAGGTCACTGCTCTGTTTGGTGGCTTCTGCTGG,37.0,13,99325613.0,CGCCCATGTTTTCGAAACAGGAAGCCACTGAGGTCACTGCTCTGTTTGGT,F,,,,,,,,,,,13:99324913-99326492,Unclassified,,,,,,,chr13:99325145-99325755,3.0,,,,,,,13,98123614,rs545070602;rs560004754;rs527263238,12;17;22,0.000200;0.000200;0.000200,,False,chr13,98673358.0,98673360.0,-
cg17646117,cg17646117,0074761935,TCTTTTAATTTCCAATTTACAAAACAATAAATCAATTCCCTACATCTCCC,,,II,,,GATACGTTTAAATCAATTAAGTTCATTCTGGCACGAAAGGGAAAAACAAACTCGTCACTG[CG]GGAGATGCAGGGAACTGACTCATTGTTTTGCAAACTGGAAATTAAAAGAAAACACTTACG,37.0,13,99431210.0,CGGGAGATGCAGGGAACTGACTCATTGTTTTGCAAACTGGAAATTAAAAG,F,,,,,,,,,,,,,,,,,,,chr13:99431100-99431335,3.0,,,,,,,13,98229211,rs531263662,30,0.000200,,False,chr13,98778955.0,98778957.0,-
cg12824139,cg12824139,0001661413,TAATACTACTAAATCCAAAACRACACTTTAAAAACCACTATAAAAAAAAC,,,II,,,TAAGGGGAGGTTGATGCTGCTGGATCCAGAACGACACTTTGGAAACCACTGTGGGAGGAA[CG]CACGCTTCTGGGTGGGGAGGCAAAACACGGTGGGACAGTGGTCAGCTGTGTGTGTGTGTG,37.0,13,99405265.0,GATGCTGCTGGATCCAGAACGACACTTTGGAAACCACTGTGGGAGGAACG,R,SLC15A1,NM_005073,TSS1500,chr13:99404482-99405103,S_Shore,,,,,,,,SLC15A1,ENST00000376503.4,TSS1500,SLC15A1,ENST00000376503.4,TSS1500,chr13:99405065-99405295,3.0,,,,,,True,13,98203266,rs58977804;rs527253979,30;27,0.020567;0.000799,,False,chr13,98753010.0,98753012.0,+
cg00746487,cg00746487,0073728863,CTCCAATCAATTAATCAACCATACTAAAAACACTACCAATTTCCAAAACA,0088742329,CTCCAATCAATTAATCAACCATACTAAAAACGCTACCGATTTCCGAAACG,I,C,Grn,CTACAATCTGCTCTCCAGTCAGTTGGTCAGCCATGCTGAAAGCGCTACCGGTTTCCGAGA[CG]CGACTGCACGACCACTCGGCTCGCTCGCTCCACTCGGACTCCCTTCTACTTTAAAGATCA,37.0,13,99293520.0,CTCCAGTCAGTTGGTCAGCCATGCTGAAAGCGCTACCGGTTTCCGAGACG,R,,,,,,,,,,13:98091503-98091549,,,,,,,,,,,,,,,,True,13,98091521,rs536500451;rs554959980;rs576711726,48;40;26,0.000200;0.000399;0.000399,,False,chr13,98641265.0,98641267.0,+
cg04213647,cg04213647,0074781826,AATCTACTAAAAATCTCTAACCTATTTCATCACTATAAAACAAAATTATC,,,II,,,CACAAAGAGGAAGTCTACTAAAAATCTCTGGCCTATTTCATCACTATAAGACAAAATTGT[CG]ATATATAGAGAAACAAACCTCAATGACAATTACATTTTTAAGTTTTTCTTAAAACATGTT,37.0,13,99499944.0,CGACAATTTTGTCTTATAGTGATGAAATAGGCCAGAGATTTTTAGTAGAC,R,DOCK9;DOCK9,NM_001130048;NM_015296,Body;Body,,,,,,,,,,DOCK9,ENST00000376453.3,5'UTR,DOCK9;DOCK9;DOCK9,ENST00000472874.1;ENST00000340449.3;ENST00000376453.3,3'UTR;TSS200;5'UTR,,,,,,,,,13,98297945,rs142574525,4,0.000200,,False,chr13,98847689.0,98847691.0,+
cg26972742,cg26972742,0080689238,CTATAATATAAAATACTTCTAAATACCTAACACACTATACACACTCAACC,,,II,,,GGATGAAATTTCTGTAATATAAAATGCTTCTGAGTGCCTGACACACTGTGCACACTCAAC[CG]CCACCTCCTATGGCTTGGGCCCTGCCTGCCAGGCTCACCCCATGATTTAAGTCTTGCCAC,37.0,13,99379532.0,TGTAATATAAAATGCTTCTGAGTGCCTGACACACTGTGCACACTCAACCG,R,SLC15A1,NM_005073,Body,,,,,,,,,,SLC15A1,ENST00000376494.1,TSS1500,SLC15A1,ENST00000376494.1,TSS1500,,,,,,,,,13,98177533,rs143824451;rs186581418,26;13,0.000599;0.000200,,False,chr13,98727277.0,98727279.0,+
cg11460465,cg11460465,0076795832,CCCTATACATTAAAAACTATTTAATAACACCCCTAACCTTAACACTAAAC,,,II,,,TGCCCCGCAGAAGGGATATTTATCAATGTCTGAAGACATTTTTCCTTGACATAAACGAAG[CG]TCTAGTGTCAAGGCCAGGGGTGCTACTAAACAGCCTCCAATGCACAGGGTAGCCCACATA,37.0,13,99302483.0,CCTGTGCATTGGAGGCTGTTTAGTAGCACCCCTGGCCTTGACACTAGACG,F,,,,,,,,,,,,,,,,,,,,,,,chr13:99302377-99303354,6.0,,,13,98100484,rs74111430,8,0.122804,,False,chr13,98650228.0,98650230.0,-
cg24143480,cg24143480,0005799207,CCCCCAATTTCAATACTACATATCTCCCATATAACAATTTATAATTAACC,,,II,,,ATCAGCAAAAGCCCCCAATTTCAGTACTACATATCTCCCATGTAACAGTTTGTGATTAGC[CG]CAAACTAGACCCAAACCTAGCTGATCCGACTGCTGGCCAGTTCTTCCCCCCATTCCACAG,37.0,13,99306139.0,CGGCTAATCACAAACTGTTACATGGGAGATATGTAGTACTGAAATTGGGG,R,,,,,,,,,True,,,,,,,,,,,,chr13:99305406-99306207,6.0,chr13:99305216-99306334,6.0,,,13,98104140,rs185833594;rs573887781,50;23,0.003594;0.000200,,False,chr13,98653884.0,98653886.0,+
cg07657974,cg07657974,0096634437,AAATTATATCCATAATCRACCAAAAACTAATTCTTAAAACACACATTAAC,,,II,,,TTTTCATGAGAGGATTATGTCCATGGTCGGCCAGGAGCTGGTTCTTAAAACACACATTGA[CG]GCTTTGTTAGACATACCAGTCACCTCTAGTAGGTTTCACACAATTTCAGGCTCAAGAATT,37.0,13,99484058.0,GATTATGTCCATGGTCGGCCAGGAGCTGGTTCTTAAAACACACATTGACG,R,DOCK9;DOCK9;DOCK9-AS1;DOCK9;DOCK9,NM_001130048;NM_015296;NR_046663;NM_001130048;NM_015296,ExonBnd;ExonBnd;TSS1500;Body;Body,,,,,,,,,,DOCK9;DOCK9;DOCK9-AS1,ENST00000376460.1;ENST00000448493.2;ENST00000439367.1,ExonBnd;3'UTR;TSS1500,DOCK9;DOCK9;DOCK9;DOCK9-AS1,ENST00000376460.1;ENST00000400228.2;ENST00000448493.2;ENST00000439367.1,ExonBnd;TSS200;3'UTR;TSS1500,,,,,,,,,13,98282059,rs558071529,2,0.000200,,False,chr13,98831803.0,98831805.0,+
cg07899263,cg07899263,0040716219,TCTACAATCTACTCTCCAATCAATTAATCAACCATACTAAAAACRCTACC,,,II,,,CTTATTTGAATTCTACAATCTGCTCTCCAGTCAGTTGGTCAGCCATGCTGAAAGCGCTAC[CG]GTTTCCGAGACGCGACTGCACGACCACTCGGCTCGCTCGCTCCACTCGGACTCCCTTCTA,37.0,13,99293508.0,CGGTAGCGCTTTCAGCATGGCTGACCAACTGACTGGAGAGCAGATTGTAG,R,,,,,,,,,,13:98091503-98091549,,,,,,,,,,,,,,,,True,13,98091509,rs565743255;rs536500451;rs554959980;rs576711726,48;36;28;14,0.000200;0.000200;0.000399;0.000399,,False,chr13,98641253.0,98641255.0,+
cg17410857,cg17410857,0093612220,CCTATACTAAACATAACCTCTATATCCTAAAAAATCCRTAATAAAACAAC,,,II,,,GACCAAGCCCTCCTGTGCTGAGCATGGCCTCTGTGTCCTGGGAGGTCCGTGGTGAGGCAG[CG]CACCTGCTGTGGACTTGGGCTGTCTTTCACACCAGGCAGGGAAAGCGCCAGTGTCCGGCG,37.0,13,99383505.0,CGCTGCCTCACCACGGACCTCCCAGGACACAGAGGCCATGCTCAGCACAG,R,SLC15A1,NM_005073,Body,,,,,,,13:98181493-98181673,,,,,,,,,chr13:99383440-99383915,3.0,,,,,,True,13,98181506,rs547510357;rs191577075,19;7,0.002596;0.000399,,False,chr13,98731250.0,98731252.0,+
cg04586532,cg04586532,0036683564,TTCTATACCTTATAAACAAACTAAAATCATACTACCTAACCTAATATTCC,,,II,,,GTCATAACCGACTCATAATAGTCATTAAGTAACATTGGAAAACATGATTTCATTGCAAAG[CG]GAATATCAGGTTAGGTAGTATGATCTCAGTTTGTTTACAAGGTACAGAAAACTGGAAGGA,37.0,13,99374571.0,TCTGTACCTTGTAAACAAACTGAGATCATACTACCTAACCTGATATTCCG,F,SLC15A1,NM_005073,Body,,,,,,,,,,,,,,,,chr13:99374440-99374635,3.0,,,,,,,13,98172572,,,,,False,chr13,98722316.0,98722318.0,-
cg08559503,cg08559503,0035791870,CCTTCTATACCTCAAACATTAATCTTCACAACAACTCTACCTAATAAATC,,,II,,,GGGCAAATTTCCTAATTTCTCCCAGCCACGACTTCCTCATCTGTAAAATGTGGGATAATT[CG]ATCTACCAGGCAGAGCTGTTGTGAAGATTAATGCCTGAGGCACAGAAGGCACTCAATACA,37.0,13,99487280.0,CGATCTACCAGGCAGAGCTGTTGTGAAGATTAATGCCTGAGGCACAGAAG,F,DOCK9;DOCK9,NM_001130048;NM_015296,Body;Body,,,,,,,,,,DOCK9,ENST00000448493.2,3'UTR,DOCK9,ENST00000448493.2,3'UTR,chr13:99487140-99487455,3.0,,,,,,,13,98285281,rs572130711;rs542747325;rs560934921,7;16;17,0.000200;0.000200;0.000200,,False,chr13,98835025.0,98835027.0,-
cg06537737,cg06537737,0082806559,TAACTATACTACTATCCTAAACRATCTCTATCTATTATAAAAACTATCCC,,,II,,,CTTCTCCGCCGTGGCTGTACTGCTGTCCTGGACGATCTCTGTCTGTTGTGGGGGCTGTCC[CG]TGCACTGTGACATGTTCAGCAGCATCCCAGCCCTCCACCCACAGGGTTACAGTAGCACCC,37.0,13,99427883.0,CGGGACAGCCCCCACAACAGACAGAGATCGTCCAGGACAGCAGTACAGCC,R,,,,,,,,,,,,,,,,,,,,,chr13:99427857-99428920,6.0,,,,,13,98225884,rs115877026;rs114094278;rs140540352,39;38;36,0.061302;0.061302;0.000200,,False,chr13,98775628.0,98775630.0,+
cg17274885,cg17274885,0047786173,AAATAACTCCCTAATTCTTAATATTACAACCCCRAAATAATAAATCAACC,,,II,,,AAGGTACAAAAGAGTGACTCCCTGGTTCTTGGTGTTGCAACCCCGGGATGATGAGTCAAC[CG]TGCTCGCTCAGCTGAGAATACTGCTCTTTCTCTCACTGTCCTCAAGGAAGAATGTGGAAA,37.0,13,99399450.0,CGGTTGACTCATCATCCCGGGGTTGCAACACCAAGAACCAGGGAGTCACT,R,SLC15A1,NM_005073,Body,,,,,,,,,,,,,,,,chr13:99399285-99399575,3.0,,,,,,,13,98197451,rs115802298;rs565450619;rs532696303,32;24;2,0.020367;0.000200;0.000399,,False,chr13,98747195.0,98747197.0,+
cg16110809,cg16110809,0084675272,AAAAACCAACAAAAAATATTACAATACCCCRAAATTAACAACAACTAAAC,,,II,,,GGTCCTGCCAGGTGGTCCTTCTATGTAATTTCTCCCTTTCTCCCTAAGGTTAAGGGGTGA[CG]CCCAGCTGCTGCTAACCTCGGGGCACTGCAACATCCCTTGTTGGCTTCCCTAAACCCTCT,37.0,13,99473657.0,CGCCCAGCTGCTGCTAACCTCGGGGCACTGCAACATCCCTTGTTGGCTTC,F,DOCK9;DOCK9,NM_015296;NM_001130048,Body;Body,,,,,,True,,,,DOCK9,ENST00000448493.2,3'UTR,DOCK9;DOCK9,ENST00000481051.1;ENST00000448493.2,3'UTR;3'UTR,,,chr13:99473608-99473881,3.0,chr13:99473471-99474920,5.0,,True,13,98271658,rs143486768,25,0.000998,,False,chr13,98821402.0,98821404.0,-
cg17346150,cg17346150,0012697916,TAACACAAACTAACCTAATATCTACTACTAATCCRAACTTATCATACTAC,,,II,,,ACTTGTGGACAAGAAGGTGCAAGCTCCAGACTCCGGTGCTGCGTCCTCATCCGGTGTATG[CG]CAGCATGACAAGCCCGGACCAGCAGCAGATATCAGGCCAGCCTGTGCCAGGAAACCTCCT,37.0,13,99437772.0,CGCAGCATGACAAGCCCGGACCAGCAGCAGATATCAGGCCAGCCTGTGCC,F,,,,,,,,,,,,,,,,,,,chr13:99437680-99438075,3.0,,,,,,,13,98235773,rs533686652;rs551647930;rs118172070,15;16;17,0.000200;0.000599;0.021566,,False,chr13,98785517.0,98785519.0,-
cg22282019,cg22282019,0062698122,AATTCTATAACATACACTCTAACRAAATAAATTTTAATAACTATCCTCCC,,,II,,,GGTCTGGTCAGTCCATAACAAAAGGAAGAGTGAGTGAGCTGTGCCATAAGAGGAGGAAAA[CG]GGAGGACAGTCATCAAAACCTACCCCGTTAGAGTGCATGTTACAGAACTTTAAGAAAGGT,37.0,13,99413748.0,CGGGAGGACAGTCATCAAAACCTACCCCGTTAGAGTGCATGTTACAGAAC,F,,,,,,,,,,,,,,,,,,,,,chr13:99413489-99414495,6.0,,,,,13,98211749,rs530894338;rs552592002;rs76230184;rs180910207;rs7317249,1;19;21;33;41,0.000200;0.000200;0.500000;0.001398;0.037939,,False,chr13,98761493.0,98761495.0,-
cg06686233,cg06686233,0093713194,TAACCCTCCTCTTTAATCAAAATATACTAATAAAACTCCTTAAACAATAC,,,II,,,TGATAAGTTTGTAGATGTCGGCGATGAGCTCGTAGCGCTCGGCTTTCCAGAGTCCATCTG[CG]CACTGCTCAAGGAGCTCCATCAGCACATCCTGATCAAAGAGGAGGGCCAACAGCAAGAGA,37.0,13,99462515.0,CGCACTGCTCAAGGAGCTCCATCAGCACATCCTGATCAAAGAGGAGGGCC,F,DOCK9;DOCK9,NM_001130048;NM_015296,Body;Body,,,,,,,,,,DOCK9,ENST00000448493.2,3'UTR,DOCK9;DOCK9,ENST00000481051.1;ENST00000448493.2,3'UTR;3'UTR,,,chr13:99462478-99463608,3.0,,,,,13,98260516,rs368023321;rs558209170,0;40,0.000200;0.000200,,False,chr13,98810260.0,98810262.0,-
cg14281461,cg14281461,0084810237,CCTTCTACACTATAACATATCTACCTCATAAAAAAACTATTATCCCATCC,,,II,,,CTCATAAGCACACAGCATTAGCACATCTGCTGCTGGGACCTGGTGCAGGAAGTCATGAAA[CG]GATGGGATAACAGCTCCCTTATGAGGCAGACATGCTACAGTGCAGAAGGAAAGAGTGTAA,37.0,13,99337644.0,CGGATGGGATAACAGCTCCCTTATGAGGCAGACATGCTACAGTGCAGAAG,F,SLC15A1,NM_005073,Body,,,,,,,,13:99337608-99337710,Unclassified_Cell_type_specific,,,,,,,chr13:99337425-99337835,3.0,,,,,,,13,98135645,rs542936313,50,0.000200,,False,chr13,98685389.0,98685391.0,-
cg23743264,cg23743264,0002781388,TTAAATACTAAAAACCCTAAAAAACCAATTCCAAACTCTCTCATCCTCTC,,,II,,,TTACCCATCCTTTAAATACTAGAAGCCCTAAAGGGCCAGTTCCAGGCTCTCTCATCCTCT[CG]CTCCTCTTTACTCCCTTGGGTCTACTATACCATTTGCTTTACCTAATGATTTCCAGTGCA,37.0,13,99250345.0,TAAATACTAGAAGCCCTAAAGGGCCAGTTCCAGGCTCTCTCATCCTCTCG,R,,,,,,,,,,,,,,,,,,,,,,,chr13:99250285-99250862,6.0,,,13,98048346,rs77873288;rs146499329;rs185349732,45;27;14,0.003594;0.002196;0.000200,,False,chr13,98598090.0,98598092.0,+
cg03281393,cg03281393,0053741282,CCCCRCTAACAAACACAAAACCRCATACATTAAAACCTTACAAAAAATTC,,,II,,,AAAGAAATTTTTTCACCAAATTGCCATGGTGTTATAAAGATCAAAGACAGCTGTTAGAAG[CG]AACCCCCTGCAAGGTTCTAATGCATGCGGTTCTGTGCCTGTCAGCGGGGTGAGCGCCACC,37.0,13,99479732.0,CCCGCTGACAGGCACAGAACCGCATGCATTAGAACCTTGCAGGGGGTTCG,F,DOCK9;DOCK9,NM_015296;NM_001130048,Body;Body,,,,,,True,,,,DOCK9,ENST00000448493.2,3'UTR,DOCK9;DOCK9,ENST00000481051.1;ENST00000448493.2,3'UTR;3'UTR,chr13:99479685-99479950,3.0,,,,,,True,13,98277733,rs184105633;rs543700578;rs143027763;rs577349185,12;28;29;46,0.000599;0.000200;0.023163;0.000399,,False,chr13,98827477.0,98827479.0,-
cg19573311,cg19573311,0094790466,ACTAAAATTTACCTAACAACTCTAAACACRCTTTCTCTATTTACATTAAC,,,II,,,CAGAATGAATGTGAAAGGTAAAACTAGAACCACGAACAGCAAATTGATACAAACCTTAAA[CG]CCAATGTAAATAGAGAAAGCGTGTCCAGAGCTGTCAGGCAAACCTCAGTAGCAATGTTGG,37.0,13,99489754.0,CGCCAATGTAAATAGAGAAAGCGTGTCCAGAGCTGTCAGGCAAACCTCAG,F,DOCK9;DOCK9;DOCK9;DOCK9,NM_001130048;NM_015296;NM_001130048;NM_015296,ExonBnd;ExonBnd;Body;Body,,,,,,,,,,DOCK9;DOCK9,ENST00000376460.1;ENST00000448493.2,ExonBnd;3'UTR,DOCK9;DOCK9,ENST00000376460.1;ENST00000448493.2,ExonBnd;3'UTR,chr13:99489500-99489930,3.0,,,,,,,13,98287755,rs199953777;rs182624352;rs370435579,0;3;21,0.000599;0.000998;0.000200,,False,chr13,98837499.0,98837501.0,-
cg01238210,cg01238210,0023695908,ACCTCACAAAACTAAAACTATACCTAAAACAACAAAACCAAACCTAAACA,0071683184,GCCTCGCAAAACTAAAACTATACCTAAAACAACGAAACCGAACCTAAACG,I,T,Red,AGGGCTCCTGCGACCTGCCGGCGGGACGTGCTCCTGGCAGGTGCTACTCCTCCGACCTGA[CG]TCCAGGCCCGGCCCCGTTGCCCCAGGTACAGCCCCAGCTCTGCGAGGCGGGGCCGCCGGC,37.0,13,99404926.0,CGTCCAGGCCCGGCCCCGTTGCCCCAGGTACAGCCCCAGCTCTGCGAGGC,F,SLC15A1;SLC15A1,NM_005073;NM_005073,1stExon;5'UTR,chr13:99404482-99405103,Island,,,,True,13:98202516-98203104,13:99404699-99404986,Unclassified_Cell_type_specific,SLC15A1,ENST00000376503.4,TSS200,SLC15A1,ENST00000376503.4,TSS200,chr13:99404065-99405050,3.0,,,,,,,13,98202927,rs572058042,18,0.000200,,False,chr13,98752671.0,98752673.0,-
cg05621157,cg05621157,0098756358,AATTCRAAAACRAAACAAAAATCAAATTACCTCCTAACTATTTTACTAAC,,,II,,,CCAGGGTGATTAATTCGGAAGCGGGGCAGGAGTCAAGTTGCCTCCTAGCTGTTTTGCTGA[CG]CTCCAGCCCCATCAAGAGCCAGCTCCTCACCTTCTGTAAGGCACAGAAGGTGCCTCAAAT,37.0,13,99404279.0,ATTCGGAAGCGGGGCAGGAGTCAAGTTGCCTCCTAGCTGTTTTGCTGACG,R,SLC15A1,NM_005073,Body,chr13:99404482-99405103,N_Shore,,,DMR,True,,,,,,,,,,chr13:99404065-99405050,3.0,,,,,,True,13,98202280,rs115806043;rs537650608;rs556594931,47;46;25,0.002995;0.000200;0.000200,,False,chr13,98752024.0,98752026.0,+
cg16627905,cg16627905,0011689988,TTCTCTACAAAATAATATTTCTATAACTAAACTCATAAACCCTAAAATCC,,,II,,,AGGTCAAAGTTTTCTCTGCAGGGTGGTATTTCTGTGGCTGAGCTCATGAACCCTGGAATC[CG]GACTTCTGTAAACACACTCTTGGTCTAGGCCAGCGGTTCTTAAACTGTGATCCCTGGACC,37.0,13,99408201.0,TCTCTGCAGGGTGGTATTTCTGTGGCTGAGCTCATGAACCCTGGAATCCG,R,,,,chr13:99404482-99405103,S_Shelf,,,,,,,,,,,,,,,,,,chr13:99407985-99408382,3.0,,True,13,98206202,rs115983120,2,0.004193,,False,chr13,98755946.0,98755948.0,+
cg17599998,cg17599998,0011691544,AAATACCAAATACCTAAACAACATCCTTATTAAATTAAAATTTATAACCC,,,II,,,AATAACCAGGCAGCTGCCTCTAACAGCTCTCGGGATTGGATCTGCTGGAAATGCTAAACA[CG]GGTCATAAATTCCAACTCAACAAGGATGCTGCTCAGGTATTTGGTATTTGATGATCAACA,37.0,13,99403634.0,CGGGTCATAAATTCCAACTCAACAAGGATGCTGCTCAGGTATTTGGTATT,F,SLC15A1,NM_005073,Body,chr13:99404482-99405103,N_Shore,,chr13:99403586-99403586,,,,,,,,,,,,chr13:99403625-99403935,3.0,,,,,,,13,98201635,,,,,False,chr13,98751379.0,98751381.0,-
cg17002621,cg17002621,0014624534,ACATTAAACTACTCAAATATACCTCTAAAATTTACTAACAAAAAACCAAC,,,II,,,AGACCGAACTCAAGTATCAACTCTCACAAGATTCTGTTTACTTTGGTGCAGTCCTGTTTA[CG]TTGGTTCCCTGCTAGTAAACCTCAGAGGCATATTTGAGTAGCCTAATGTTTCTAGTATTA,37.0,13,99384434.0,CGTTGGTTCCCTGCTAGTAAACCTCAGAGGCATATTTGAGTAGCCTAATG,F,SLC15A1,NM_005073,Body,,,,,,,,,,,,,,,,chr13:99384165-99384475,3.0,,,,,,,13,98182435,rs74109677,49,0.006789,,False,chr13,98732179.0,98732181.0,-
cg08799967,cg08799967,0053796950,CTAAATCTAAACACTATACTCTATAACTAATAAACRAAACCTTAAAAAAC,,,II,,,AGGGTCCTCAGCGCCTCCGCGCCGCTTCCCACAGAGGGGAAATTCAGTGTTTGTGGGACA[CG]TTTCCTAAGGCCCCGTTTATCAGTCACAGAGCACAGTGCTCAGATCCAGCTCTGCATGGT,37.0,13,99383002.0,TGGATCTGAGCACTGTGCTCTGTGACTGATAAACGGGGCCTTAGGAAACG,F,SLC15A1,NM_005073,Body,,,,,,,13:98180811-98181296,,,,,,,,,chr13:99382585-99383375,3.0,,,,,,True,13,98181003,rs118142962,11,0.000599,,False,chr13,98730747.0,98730749.0,-
cg10694152,cg10694152,0055697195,AAATACAAAAACAACCACAAAACTTCCRCCAATTAAACRATATTTCTACC,,,II,,,AGAGGCAAGACAAGTGCAAAGGCAGCCACAAGGCTTCCGCCAGTTAGACGGTGTTTCTGC[CG]CCCCTGCCGTCACCCGCTGGGTCCCGTCCCGCTCCAAGCGCACTCCCGGCCCGCAGGGTG,37.0,13,99404506.0,AGTGCAAAGGCAGCCACAAGGCTTCCGCCAGTTAGACGGTGTTTCTGCCG,R,SLC15A1,NM_005073,Body,chr13:99404482-99405103,Island,,,DMR,True,,,,,,,,,,chr13:99404065-99405050,3.0,,,,,True,True,13,98202507,rs561426172,13,0.000200,,False,chr13,98752251.0,98752253.0,+
cg04821311,cg04821311,0068775905,AATTTTCATCTCTCTTTTTCTTACAACATCCTAACAACCAATACAAAAAC,,,II,,,TCTCTGGCAGAGATTTTCATCTCTCTTTTTCTTGCAACATCCTGGCAGCCAATGCAAAAA[CG]TGCCTGGTAATTTCTGCTTTCCTGTCTTTTAGAACATGTTAGTCTTTCTGCTTCCCGTTA,37.0,13,99474258.0,ATTTTCATCTCTCTTTTTCTTGCAACATCCTGGCAGCCAATGCAAAAACG,R,DOCK9;DOCK9,NM_001130048;NM_015296,Body;Body,,,,,,,,,,DOCK9,ENST00000448493.2,3'UTR,DOCK9;DOCK9,ENST00000481051.1;ENST00000448493.2,3'UTR;3'UTR,chr13:99474140-99474870,3.0,,,,,,,13,98272259,rs565996901;rs192892067,12;10,0.000200;0.000200,,False,chr13,98822003.0,98822005.0,+
cg00746968,cg00746968,0020793852,RAACTAATCATCCCRTAAACCATTATACTTATTAAAATCCCACTAATAAC,,,II,,,CGACCGAAGACGAGCTGGTCATCCCGTGAACCATTGTGCTTGTTGGAGTCCCACTGATGG[CG]TTGAAGATGTGAAGGGAATTCGGTAAGACGCTCGTCTTCTCCTCCAGGGGGCAGATCTTG,37.0,13,99446945.0,CGCCATCAGTGGGACTCCAACAAGCACAATGGTTCACGGGATGACCAGCT,R,DOCK9;DOCK9,NM_001130048;NM_015296,3'UTR;3'UTR,,,,,,,,,,DOCK9,ENST00000376460.1,3'UTR,DOCK9,ENST00000376460.1,3'UTR,chr13:99446860-99447090,3.0,,,,,,,13,98244946,rs554564990;rs144464149;rs543722179;rs369024723,46;31;20;1,0.000200;0.000200;0.000200;0.000200,,False,chr13,98794690.0,98794692.0,+
cg11535699,cg11535699,0018702871,TCATTCACCTAACAAATCTATACATCTAAAACCAATAAAAATATAATCCC,,,II,,,TTAGTCTGAGGAGGATTATCCACAGCATTTCCTCAGGAGAGGACATCTCACATGGAAATC[CG]GGATCATACCCTCACTGGTTCCAGATGTACAGATCTGTTAGGTGAATGAACCCTTAGGGG,37.0,13,99378975.0,CGGGATCATACCCTCACTGGTTCCAGATGTACAGATCTGTTAGGTGAATG,F,SLC15A1,NM_005073,Body,,,,,,,,,,SLC15A1,ENST00000376494.1,TSS200,SLC15A1,ENST00000376494.1,TSS200,,,,,,,,,13,98176976,rs528177107;rs546162287,20;46,0.000200;0.000200,,False,chr13,98726720.0,98726722.0,-
cg12832687,cg12832687,0006672541,TATATTACAACTCACAATCCAAAATAACTCCTTTATCTCTTTCTATCRAC,,,II,,,TTTAAGAGAGTAACATAAAGGAATAAAAAGAAACTACAGCCATCTTATGTGAATATGTAG[CG]TCGACAGAAAGAGATAAAGGAGCCATCCTGGACTGTGAGCTGTAATACATAATTGTAGTT,37.0,13,99239417.0,GTATTACAGCTCACAGTCCAGGATGGCTCCTTTATCTCTTTCTGTCGACG,F,,,,,,,,,,,,,,,,,,,,,,,chr13:99238637-99239472,6.0,,,13,98037418,rs575474256;rs539642997,46;47,0.000200;0.000599,,False,chr13,98587162.0,98587164.0,-
cg00335818,cg00335818,0066745265,AAACCATATTACCCAAAATCTAAATAAACRAAACATAACRTACTATTACC,,,II,,,TGCAAACCAGCCTGAAGGTGCAAAGCGTCATTGCTGTAGTGCCGTGCGTTCTTGAGGACA[CG]GCAACAGCACGTTATGCTTCGCCTACTTAGACTTTGGGTAATATGGCCTTACCATTGCCT,37.0,13,99383671.0,CGGCAACAGCACGTTATGCTTCGCCTACTTAGACTTTGGGTAATATGGCC,F,SLC15A1,NM_005073,Body,,,,,,,13:98181493-98181673,,,,,,,,,chr13:99383440-99383915,3.0,,,,,,,13,98181672,rs576604765;rs4772127,21;33,0.001997;0.204673,,False,chr13,98731416.0,98731418.0,-
cg16481037,cg16481037,0031617574,AAATATCTACAAACAAAATTAAAACCCATTTAAAACTAATAACCCTAACC,,,II,,,AGCTATCCACCCCCCTTGGCCTTCCACAGTCCTGGGATTATAGGCATGAGCAGCCACACC[CG]GCCAGGGTCACCAGTCTCAAATGGGCCCTAACTCTGCCTGCAGACACCTCTGCTGCTCTA,37.0,13,99248539.0,CGGCCAGGGTCACCAGTCTCAAATGGGCCCTAACTCTGCCTGCAGACACC,F,,,,,,,,,,,,,,,,,,,,,chr13:99248525-99249046,5.0,chr13:99248461-99249117,6.0,,,13,98046540,rs578004852,0,0.000399,,False,chr13,98596284.0,98596286.0,-
cg10615521,cg10615521,0090796847,AACRAAATTACCCTTAAAAATACCACCCCTTAATTATCTTTAAACATAAC,,,II,,,TGGGCTTGTTTGACGGAATTGCCCTTGGAGGTGCCACCCCTTGGTTGTCTTTGAGCATAA[CG]TCTACTGGAAGCCTGTTGAGGTCACCCTTCTCCCAGGGCCCTAAGGAGATGCTCACGTCC,37.0,13,99425621.0,ACGGAATTGCCCTTGGAGGTGCCACCCCTTGGTTGTCTTTGAGCATAACG,R,,,,,,,,,,,,,,,,,,,chr13:99425320-99425655,3.0,,,,,,,13,98223622,rs77412485,49,0.019768,,False,chr13,98773366.0,98773368.0,+
cg20731581,cg20731581,0073794905,ACTACTAAATCCAAAACRACACTTTAAAAACCACTATAAAAAAAACRCAC,,,II,,,GGGAGGTTGATGCTGCTGGATCCAGAACGACACTTTGGAAACCACTGTGGGAGGAACGCA[CG]CTTCTGGGTGGGGAGGCAAAACACGGTGGGACAGTGGTCAGCTGTGTGTGTGTGTGTGTG,37.0,13,99405269.0,CTGCTGGATCCAGAACGACACTTTGGAAACCACTGTGGGAGGAACGCACG,R,SLC15A1,NM_005073,TSS1500,chr13:99404482-99405103,S_Shore,,,,,,,,SLC15A1,ENST00000376503.4,TSS1500,SLC15A1,ENST00000376503.4,TSS1500,chr13:99405065-99405295,3.0,,,,,,True,13,98203270,rs58977804;rs527253979,34;31,0.020567;0.000799,,False,chr13,98753014.0,98753016.0,+
cg21532731,cg21532731,0076708237,TCACAACCCTACCACCTACTAACCATAAAATTACCTACAACATATTTAAC,,,II,,,CTGGGCTCAAGTCACAGCCCTGCCACCTACTGGCCATGGGATTGCCTGCAACATATTTAA[CG]CAGGGGTTTTCAACCAGGCTGCCCTGTCTGGGGATTACCAGGGATTGGGCATTTAAAACC,37.0,13,99305879.0,CACAGCCCTGCCACCTACTGGCCATGGGATTGCCTGCAACATATTTAACG,R,,,,,,,,,True,,13:99305519-99306124,Unclassified,,,,,,,chr13:99305565-99305955,3.0,,,,,,True,13,98103880,rs530403055;rs552170355,37;2,0.000200;0.000200,,False,chr13,98653624.0,98653626.0,+
cg15540985,cg15540985,0041630896,ACACRAACRTTATTTTAAAAACTTTCTTAAACTAAACCCACATAACTATC,,,II,,,GTTAAGTATTCACACGGGCGTTGTTTTGAGAACTTTCTTGGACTAAGCCCACATGACTGT[CG]TCACCATGCAAGGGAGTGGCTCTTTGTCCATTGTCAGCCAGTCACCATGCAAGGGAGTGG,37.0,13,99310577.0,CACGGGCGTTGTTTTGAGAACTTTCTTGGACTAAGCCCACATGACTGTCG,R,,,,,,,,,,,,,,,,,,,chr13:99310385-99310755,3.0,,,,,,,13,98108578,rs546941413;rs565335402;rs529683406,46;43;14,0.000399;0.000399;0.000399,,False,chr13,98658322.0,98658324.0,+
cg01323699,cg01323699,0026722169,TTTCTCCTACTTTACCAATAAACAACATATAACTAATTCTTCTAATCCTC,,,II,,,GCAACAACTTAGGAGATAACAGAACCAATTCGGAATGAGCAGGAATTGTAGGAATGCAGG[CG]AGGACTAGAAGAATCAGCTACATGCTGTTTACTGGCAAAGCAGGAGAAATGTGACTGAGG,37.0,13,99495850.0,TTCTCCTGCTTTGCCAGTAAACAGCATGTAGCTGATTCTTCTAGTCCTCG,F,DOCK9;DOCK9,NM_001130048;NM_015296,Body;Body,,,,,,,,13:99494195-99496101,Unclassified,DOCK9,ENST00000448493.2,3'UTR,DOCK9,ENST00000448493.2,3'UTR,chr13:99495785-99496070,3.0,,,,,,,13,98293851,,,,,False,chr13,98843595.0,98843597.0,-
cg08028810,cg08028810,0018792184,AATCTACTAACCTTCATCACTCTAATAACAATCAATAATAAATACTAAAC,,,II,,,TCAGAAAGGAGAATCTGCTGACCTTCATCACTCTGGTAGCAGTCAGTAATAAATACTGGG[CG]CTAAATGTCTAGGGTATGACTGTGGGGCTATGGACACATGTGAACACGTGCTCTTGCAAA,37.0,13,99339578.0,CGCCCAGTATTTATTACTGACTGCTACCAGAGTGATGAAGGTCAGCAGAT,R,SLC15A1,NM_005073,Body,,,,,,,,,,,,,,,,,,,,chr13:99339447-99339947,3.0,,,13,98137579,,,,,False,chr13,98687323.0,98687325.0,+
cg20377104,cg20377104,0092695104,CTTCRCCTAAATAAAAACTAACCTAACAAAAATCRACTCCACCTATAAAC,,,II,,,TCCTGGAAGGGCTTCGCCTAGATGGAGACTGACCTGACAGGAATCGGCTCCACCTGTGGA[CG]TACGGAGTTGGACTTTGTCCCAAAACTGTGCCTGTGACATACATTCCTACCTTCACAAGG,37.0,13,99302816.0,CGTCCACAGGTGGAGCCGATTCCTGTCAGGTCAGTCTCCATCTAGGCGAA,R,,,,,,,chr13:99302784-99302784,,,,,,,,,,,,chr13:99302625-99303030,3.0,,,,,,,13,98100817,rs188181641;rs562483682;rs115008805;rs143560564,40;32;17;1,0.002796;0.000399;0.001997;0.000399,,False,chr13,98650561.0,98650563.0,+
cg12708796,cg12708796,0004702206,AAAATCCCAAAATAAACCTTCTAAATAATCAAAAATTAACTATACCTACC,,,II,,,TGCATGAATTACAACACAAGATTACTGCCCAGTGGTTCAGAAGGCAAGGCTGGCAGGATG[CG]GTAGGCACAGTCAACTTTTGATTATTCAGAAGGCCCACTTTGGGACCTTGTCTCTGTGTT,37.0,13,99489925.0,CGGTAGGCACAGTCAACTTTTGATTATTCAGAAGGCCCACTTTGGGACCT,F,DOCK9;DOCK9,NM_001130048;NM_015296,Body;Body,,,,,,,,,,DOCK9,ENST00000448493.2,3'UTR,DOCK9,ENST00000448493.2,3'UTR,chr13:99489500-99489930,3.0,,,,,,,13,98287926,,,,,False,chr13,98837670.0,98837672.0,-
cg18961240,cg18961240,0038741146,ACAATTAACTCRAATTCTCTTAATCTTTAAAAACACAAAACCATTATATC,,,II,,,GAGGTCATTAATGGAGCTTACTGAGGTGACTGCTTGTCCAATTGTGTAGACAATGGAGAG[CG]ACACAATGGTCCTGTGTTTCCAAAGATTAAGAGAATCCGAGTTAATTGCACAATAGCCAT,37.0,13,99376273.0,CAATTAACTCGGATTCTCTTAATCTTTGGAAACACAGGACCATTGTGTCG,F,SLC15A1;SLC15A1,NM_005073;NM_005073,ExonBnd;Body,,,,,,,,,,SLC15A1,ENST00000376503.4,ExonBnd,SLC15A1,ENST00000376503.4,ExonBnd,chr13:99376105-99376275,3.0,,,,,,,13,98174274,rs8187823;rs8187824,0;38,0.001398;0.001697,,False,chr13,98724018.0,98724020.0,-
cg13789219,cg13789219,0039616865,ATAATACTAATCAAATTTAAAATATACCTTCCCTTTAACCCAACAATTCC,,,II,,,AGAGCAGTTCGGTGATGCTGGTCAAATTTAAAATGTGCCTTCCCTTTGACCCAGCAATTC[CG]CTGCTAAGAATGTACCCTTTGGAGACAGAGACACGTGTGCAAAGGTGAAAATATAATTTG,37.0,13,99438910.0,TGATGCTGGTCAAATTTAAAATGTGCCTTCCCTTTGACCCAGCAATTCCG,R,,,,,,,,,,,,,,,,,,,chr13:99438905-99439615,3.0,,,,,,,13,98236911,rs550963872;rs376420067;rs566388093,27;13;1,0.000200;0.006190;0.000200,,False,chr13,98786655.0,98786657.0,+
cg07312696,cg07312696,0017768900,CAACTATACAAAACTCCTATTACAAAAACAACTATAAACCCAAAACTCAC,,,II,,,GTGCTCTGGACCAGCTGTGCAGAGCTCCTGTTGCAGAGACAGCTGTGGACCCAAGGCTCA[CG]TGGGTGGGCAGAGCAAAGATGGCAGAAACCTGTTGCTCAATTTTTATCTTAAGGAAAATG,37.0,13,99435064.0,AGCTGTGCAGAGCTCCTGTTGCAGAGACAGCTGTGGACCCAAGGCTCACG,R,,,,,,,,,,,,,,,,,,,chr13:99434960-99435335,3.0,,,,,,,13,98233065,rs536754620,4,0.000200,,False,chr13,98782809.0,98782811.0,+
cg17690919,cg17690919,0097727106,CACTATAACCTAAACAAATATCCTTCTTATCATAACACCTAAAATCTACC,,,II,,,TGGCTCTGAGTCACTATAACCTAAACAAATATCCTTCTTGTCATGACACCTGAGATCTAC[CG]TCACCCGACTCCAGTGTTCTACTGTAAGTCTGGAAGCCCAGTCCCCAGCCCTAGACGCAG,37.0,13,99359210.0,CGGTAGATCTCAGGTGTCATGACAAGAAGGATATTTGTTTAGGTTATAGT,R,SLC15A1,NM_005073,Body,,,,,,,,,,,,,,,,chr13:99359060-99359415,3.0,,,,,,,13,98157211,rs550366905;rs546694921,6;1,0.000399;0.000399,,False,chr13,98706955.0,98706957.0,+
cg08390696,cg08390696,0080600295,CTAACCRAAAAATAAAACCTAAAAATCCRCRTTTAAACTAACTCTCCCCC,,,II,,,CGCGTGGACACCAGCCCCGGCCCAGGTGCGGGTGGGCCCCGACGGGAGCGCGTGGCAGGC[CG]GGGGAGAGCCAGTCTAAACGCGGATTCCCAGGCCCCACCCCCCGGCCAGCTGACTCAGGA,37.0,13,99405102.0,CGGGGGAGAGCCAGTCTAAACGCGGATTCCCAGGCCCCACCCCCCGGCCA,F,SLC15A1,NM_005073,TSS200,chr13:99404482-99405103,Island,,,,,13:98202516-98203104,,,SLC15A1,ENST00000376503.4,TSS200,SLC15A1,ENST00000376503.4,TSS200,chr13:99405065-99405295,3.0,,,,,,True,13,98203103,rs576645510;rs60933979;rs58457213,1;5;40,0.000200;0.000599;0.020567,,False,chr13,98752847.0,98752849.0,-
cg08894280,cg08894280,0005726165,ATTCATAAAAACRACCATAAAAACTAATAACAAACCCTTAAATTACCACC,,,II,,,CGTGAGGTGAAATGAGACTTCGCCGGTAGGAATGCAGACCAAAGACACTGCCAGGCTCTG[CG]GTGGCAATCCAAGGGCCTGCCATCAGTCCCCATGGCCGCTTCCATGAACCCCAACTGCCA,37.0,13,99500700.0,CGGTGGCAATCCAAGGGCCTGCCATCAGTCCCCATGGCCGCTTCCATGAA,F,DOCK9;DOCK9,NM_001130048;NM_015296,Body;Body,,,,,,,,,,DOCK9,ENST00000376453.3,5'UTR,DOCK9;DOCK9;DOCK9,ENST00000340449.3;ENST00000472874.1;ENST00000376453.3,TSS1500;3'UTR;5'UTR,,,,,,,,,13,98298701,rs2296989;rs565002004;rs532648315;rs547427586,0;14;49;50,0.077276;0.000200;0.000200;0.000200,,False,chr13,98848445.0,98848447.0,-
